title,datum
Podarim mlado mucko,16.10.2021.
Bengalski mucek,25.10.2021.
Podarimo mlado muco,25.10.2021.
Prodamo 5 muck,25.10.2021.
Mačja mladička,25.10.2021.
Oddam mlado muco,25.10.2021.
Crkljiva mladička MEG in STEVE - cepljena in sterilizirana/kastriran,25.10.2021.
PODARIMO tribarvno muco,25.10.2021.
BRITANKA,25.10.2021.
Podarim mlado muco,25.10.2021.
Črno-bela kosmatinčka Pal in Boo,25.10.2021.
Veseljaček Fenek,25.10.2021.
Mačka,25.10.2021.
Oddamo mačka,24.10.2021.
Podarim dve mladi muci,24.10.2021.
Dva gingera,24.10.2021.
Ragdoll samec,24.10.2021.
maincoon mešančki,24.10.2021.
Britanka in Skottisfold,24.10.2021.
Mačji mladički,24.10.2021.
MAINE COON mesancka,24.10.2021.
Podarim dva prikupna mucka,24.10.2021.
Maine coon mladicki,24.10.2021.
MLADIČKI MAINE COON,24.10.2021.
"Bengalska mačka, bengalski mucek (z rodovnikom)",24.10.2021.
Mladiček za posvojitev,24.10.2021.
